[33mcommit 4db5208a49cf20e501ed1b7f5d633e5a659f9b9c[m[33m ([m[1;36mHEAD[m[33m -> [m[1;32mmain[m[33m, [m[1;32mdevelop[m[33m)[m
Author: unknown <stepanfrolov55@gmail.com>
Date:   Thu May 23 15:11:35 2024 +0300

    Done

[33mcommit 37bfa26354f3d37a86d0870adda735d0733b0d19[m
Author: unknown <stepanfrolov55@gmail.com>
Date:   Thu May 23 15:07:56 2024 +0300

    commited

[33mcommit 5743543199b07df451239e5e89d737cf20774129[m
Author: unknown <stepanfrolov55@gmail.com>
Date:   Thu May 23 15:04:21 2024 +0300

    Task 2 completed

[33mcommit 253a95b6a9b5e0f8c056c043f6db38cbc4f218c5[m
Author: unknown <stepanfrolov55@gmail.com>
Date:   Thu May 23 15:02:00 2024 +0300

    Task 1 completed

[33mcommit fd9c333e1b74553e8155e661e65d1767a2a8d571[m[33m ([m[1;31morigin/main[m[33m, [m[1;31morigin/HEAD[m[33m)[m
Author: stepanfrolov <162064078+stepanfrolov@users.noreply.github.com>
Date:   Thu May 23 13:37:18 2024 +0300

    Initial commit
